timeStamp,elapsed,label,responseCode,responseMessage,threadName,dataType,success,failureMessage,bytes,sentBytes,grpThreads,allThreads,URL,Latency,IdleTime,Connect
1680789714353,18,HTTP Request 2 Small,200,OK,Thread Group 1-1,text,true,,102714,126,1,1,http://192.168.56.104/100KB.txt,5,0,3
1680789714509,13,HTTP Request 5 Small,200,OK,Thread Group 1-1,text,true,,256313,126,1,1,http://192.168.56.104/250KB.txt,2,0,0
1680789714669,7,HTTP Request 3 Small,200,OK,Thread Group 1-1,text,true,,153913,126,1,1,http://192.168.56.104/150KB.txt,2,0,0
1680789714830,7,HTTP Request 3 Small,200,OK,Thread Group 1-1,text,true,,153913,126,1,1,http://192.168.56.104/150KB.txt,2,0,0
1680789714989,30,HTTP Request 4 Small,200,OK,Thread Group 1-1,text,true,,205113,126,1,1,http://192.168.56.104/200KB.txt,5,0,0
1680789715149,33,HTTP Request 5 Small,200,OK,Thread Group 1-1,text,true,,256313,126,1,1,http://192.168.56.104/250KB.txt,5,0,0
1680789715310,17,HTTP Request 4 Small,200,OK,Thread Group 1-1,text,true,,205113,126,1,1,http://192.168.56.104/200KB.txt,8,0,0
1680789715363,10,HTTP Request 2 Small,200,OK,Thread Group 1-2,text,true,,102714,126,2,2,http://192.168.56.104/100KB.txt,4,0,2
1680789715470,9,HTTP Request 5 Small,200,OK,Thread Group 1-1,text,true,,256313,126,2,2,http://192.168.56.104/250KB.txt,1,0,0
1680789715684,34,HTTP Request 5 Small,200,OK,Thread Group 1-2,text,true,,256313,126,2,2,http://192.168.56.104/250KB.txt,3,0,0
1680789715789,15,HTTP Request 4 Small,200,OK,Thread Group 1-1,text,true,,205113,126,2,2,http://192.168.56.104/200KB.txt,2,0,0
1680789716002,15,HTTP Request 5 Small,200,OK,Thread Group 1-2,text,true,,256313,126,2,2,http://192.168.56.104/250KB.txt,2,0,0
1680789716110,10,HTTP Request 3 Small,200,OK,Thread Group 1-1,text,true,,153913,126,2,2,http://192.168.56.104/150KB.txt,2,0,0
1680789716322,17,HTTP Request 5 Small,200,OK,Thread Group 1-2,text,true,,256313,126,2,2,http://192.168.56.104/250KB.txt,3,0,0
1680789716365,6,HTTP Request 1 Small,200,OK,Thread Group 1-3,text,true,,51512,125,3,3,http://192.168.56.104/50KB.txt,3,0,1
1680789716429,7,HTTP Request 1 Small,200,OK,Thread Group 1-1,text,true,,51511,125,3,3,http://192.168.56.104/50KB.txt,5,0,0
1680789716642,32,HTTP Request 5 Small,200,OK,Thread Group 1-2,text,true,,256313,126,3,3,http://192.168.56.104/250KB.txt,5,0,0
1680789716846,5,HTTP Request 1 Small,200,OK,Thread Group 1-3,text,true,,51511,125,3,3,http://192.168.56.104/50KB.txt,2,0,0
1680789716909,11,HTTP Request 2 Small,200,OK,Thread Group 1-1,text,true,,102713,126,3,3,http://192.168.56.104/100KB.txt,2,0,0
1680789717123,12,HTTP Request 5 Small,200,OK,Thread Group 1-2,text,true,,256313,126,3,3,http://192.168.56.104/250KB.txt,2,0,0
1680789717324,10,HTTP Request 3 Small,200,OK,Thread Group 1-3,text,true,,153913,126,3,3,http://192.168.56.104/150KB.txt,2,0,0
1680789717366,18,HTTP Request 3 Small,200,OK,Thread Group 1-4,text,true,,153914,126,4,4,http://192.168.56.104/150KB.txt,3,0,1
1680789717389,28,HTTP Request 4 Small,200,OK,Thread Group 1-1,text,true,,205113,126,4,4,http://192.168.56.104/200KB.txt,3,0,0
1680789717603,23,HTTP Request 3 Small,200,OK,Thread Group 1-2,text,true,,153913,126,4,4,http://192.168.56.104/150KB.txt,4,0,0
1680789717805,20,HTTP Request 2 Small,200,OK,Thread Group 1-3,text,true,,102713,126,4,4,http://192.168.56.104/100KB.txt,3,0,0
1680789718005,23,HTTP Request 2 Small,200,OK,Thread Group 1-4,text,true,,102713,126,4,4,http://192.168.56.104/100KB.txt,3,0,0
1680789718029,11,HTTP Request 2 Small,200,OK,Thread Group 1-1,text,true,,102713,126,4,4,http://192.168.56.104/100KB.txt,3,0,0
1680789718242,16,HTTP Request 5 Small,200,OK,Thread Group 1-2,text,true,,256313,126,4,4,http://192.168.56.104/250KB.txt,2,0,0
1680789718367,19,HTTP Request 5 Small,200,OK,Thread Group 1-5,text,true,,256314,126,5,5,http://192.168.56.104/250KB.txt,5,0,2
1680789718445,8,HTTP Request 2 Small,200,OK,Thread Group 1-3,text,true,,102713,126,5,5,http://192.168.56.104/100KB.txt,1,0,0
1680789718645,11,HTTP Request 1 Small,200,OK,Thread Group 1-4,text,true,,51511,125,5,5,http://192.168.56.104/50KB.txt,3,0,0
1680789718669,25,HTTP Request 4 Small,200,OK,Thread Group 1-1,text,true,,205113,126,5,5,http://192.168.56.104/200KB.txt,3,0,0
1680789718883,5,HTTP Request 1 Small,200,OK,Thread Group 1-2,text,true,,51511,125,5,5,http://192.168.56.104/50KB.txt,2,0,0
1680789719165,6,HTTP Request 1 Small,200,OK,Thread Group 1-5,text,true,,51511,125,5,5,http://192.168.56.104/50KB.txt,2,0,0
1680789719244,29,HTTP Request 4 Small,200,OK,Thread Group 1-3,text,true,,205113,126,5,5,http://192.168.56.104/200KB.txt,2,0,0
1680789719366,12,HTTP Request 1 Small,200,OK,Thread Group 1-6,text,true,,51512,125,6,6,http://192.168.56.104/50KB.txt,6,0,3
1680789719446,28,HTTP Request 5 Small,200,OK,Thread Group 1-4,text,true,,256313,126,6,6,http://192.168.56.104/250KB.txt,3,0,0
1680789719469,14,HTTP Request 4 Small,200,OK,Thread Group 1-1,text,true,,205113,126,6,6,http://192.168.56.104/200KB.txt,4,0,0
1680789719682,5,HTTP Request 1 Small,200,OK,Thread Group 1-2,text,true,,51511,125,6,6,http://192.168.56.104/50KB.txt,2,0,0
1680789719965,20,HTTP Request 2 Small,200,OK,Thread Group 1-5,text,true,,102713,126,6,6,http://192.168.56.104/100KB.txt,3,0,0
1680789720045,11,HTTP Request 1 Small,200,OK,Thread Group 1-3,text,true,,51511,125,6,6,http://192.168.56.104/50KB.txt,3,0,0
1680789720326,6,HTTP Request 1 Small,200,OK,Thread Group 1-6,text,true,,51511,125,6,6,http://192.168.56.104/50KB.txt,2,0,0
1680789720367,6,HTTP Request 1 Small,200,OK,Thread Group 1-7,text,true,,51512,125,7,7,http://192.168.56.104/50KB.txt,3,0,1
1680789720406,16,HTTP Request 5 Small,200,OK,Thread Group 1-4,text,true,,256313,126,7,7,http://192.168.56.104/250KB.txt,1,0,0
1680789720430,6,HTTP Request 1 Small,200,OK,Thread Group 1-1,text,true,,51511,125,7,7,http://192.168.56.104/50KB.txt,1,0,0
1680789720643,25,HTTP Request 3 Small,200,OK,Thread Group 1-2,text,true,,153913,126,7,7,http://192.168.56.104/150KB.txt,3,0,0
1680789720925,14,HTTP Request 3 Small,200,OK,Thread Group 1-5,text,true,,153913,126,7,7,http://192.168.56.104/150KB.txt,2,0,0
1680789721005,39,HTTP Request 4 Small,200,OK,Thread Group 1-3,text,true,,205113,126,7,7,http://192.168.56.104/200KB.txt,3,0,0
1680789721285,18,HTTP Request 4 Small,200,OK,Thread Group 1-6,text,true,,205113,126,7,7,http://192.168.56.104/200KB.txt,2,0,0
1680789721367,6,HTTP Request 1 Small,200,OK,Thread Group 1-8,text,true,,51512,125,8,8,http://192.168.56.104/50KB.txt,3,0,2
1680789721485,5,HTTP Request 1 Small,200,OK,Thread Group 1-7,text,true,,51511,125,8,8,http://192.168.56.104/50KB.txt,2,0,0
1680789721525,15,HTTP Request 4 Small,200,OK,Thread Group 1-4,text,true,,205113,126,8,8,http://192.168.56.104/200KB.txt,2,0,0
1680789721550,19,HTTP Request 5 Small,200,OK,Thread Group 1-1,text,true,,256313,126,8,8,http://192.168.56.104/250KB.txt,1,0,0
1680789721762,18,HTTP Request 5 Small,200,OK,Thread Group 1-2,text,true,,256313,126,8,8,http://192.168.56.104/250KB.txt,2,0,0
1680789722046,8,HTTP Request 2 Small,200,OK,Thread Group 1-5,text,true,,102713,126,8,8,http://192.168.56.104/100KB.txt,1,0,0
1680789722125,28,HTTP Request 5 Small,200,OK,Thread Group 1-3,text,true,,256313,126,8,8,http://192.168.56.104/250KB.txt,1,0,0
1680789722368,12,HTTP Request 3 Small,200,OK,Thread Group 1-9,text,true,,153914,126,9,9,http://192.168.56.104/150KB.txt,3,0,2
1680789722406,16,HTTP Request 3 Small,200,OK,Thread Group 1-6,text,true,,153913,126,9,9,http://192.168.56.104/150KB.txt,1,0,0
1680789722646,4,HTTP Request 1 Small,200,OK,Thread Group 1-8,text,true,,51511,125,9,9,http://192.168.56.104/50KB.txt,1,0,0
1680789722765,5,HTTP Request 1 Small,200,OK,Thread Group 1-7,text,true,,51511,125,9,9,http://192.168.56.104/50KB.txt,2,0,0
1680789722830,19,HTTP Request 3 Small,200,OK,Thread Group 1-1,text,true,,153913,126,9,9,http://192.168.56.104/150KB.txt,4,0,0
1680789722805,69,HTTP Request 4 Small,200,OK,Thread Group 1-4,text,true,,205113,126,9,9,http://192.168.56.104/200KB.txt,5,0,0
1680789723042,40,HTTP Request 4 Small,200,OK,Thread Group 1-2,text,true,,205113,126,9,9,http://192.168.56.104/200KB.txt,5,0,0
1680789723326,6,HTTP Request 1 Small,200,OK,Thread Group 1-5,text,true,,51511,125,9,9,http://192.168.56.104/50KB.txt,1,0,0
1680789723370,12,HTTP Request 3 Small,200,OK,Thread Group 1-10,text,true,,153914,126,10,10,http://192.168.56.104/150KB.txt,4,0,2
1680789723405,25,HTTP Request 5 Small,200,OK,Thread Group 1-3,text,true,,256313,126,10,10,http://192.168.56.104/250KB.txt,1,0,0
1680789723808,16,HTTP Request 2 Small,200,OK,Thread Group 1-9,text,true,,102713,126,10,10,http://192.168.56.104/100KB.txt,2,0,0
1680789723845,48,HTTP Request 5 Small,200,OK,Thread Group 1-6,text,true,,256313,126,10,10,http://192.168.56.104/250KB.txt,3,0,0
1680789724086,13,HTTP Request 3 Small,200,OK,Thread Group 1-8,text,true,,153913,126,10,10,http://192.168.56.104/150KB.txt,2,0,0
1680789724206,16,HTTP Request 4 Small,200,OK,Thread Group 1-7,text,true,,205113,126,10,10,http://192.168.56.104/200KB.txt,2,0,0
1680789724270,36,HTTP Request 4 Small,200,OK,Thread Group 1-1,text,true,,205113,126,10,10,http://192.168.56.104/200KB.txt,4,0,0
1680789724245,78,HTTP Request 5 Small,200,OK,Thread Group 1-4,text,true,,256313,126,10,10,http://192.168.56.104/250KB.txt,3,0,0
1680789724368,16,HTTP Request 2 Small,200,OK,Thread Group 1-11,text,true,,102714,126,11,11,http://192.168.56.104/100KB.txt,7,0,2
1680789724482,11,HTTP Request 1 Small,200,OK,Thread Group 1-2,text,true,,51511,125,11,11,http://192.168.56.104/50KB.txt,3,0,0
1680789724766,15,HTTP Request 5 Small,200,OK,Thread Group 1-5,text,true,,256313,126,11,11,http://192.168.56.104/250KB.txt,2,0,0
1680789724969,4,HTTP Request 1 Small,200,OK,Thread Group 1-10,text,true,,51511,125,11,11,http://192.168.56.104/50KB.txt,1,0,0
1680789725004,7,HTTP Request 2 Small,200,OK,Thread Group 1-3,text,true,,102713,126,11,11,http://192.168.56.104/100KB.txt,2,0,0
1680789725369,29,HTTP Request 4 Small,200,OK,Thread Group 1-12,text,true,,205114,126,12,12,http://192.168.56.104/200KB.txt,6,0,3
1680789725408,10,HTTP Request 1 Small,200,OK,Thread Group 1-9,text,true,,51511,125,12,12,http://192.168.56.104/50KB.txt,3,0,0
1680789725445,24,HTTP Request 3 Small,200,OK,Thread Group 1-6,text,true,,153913,126,12,12,http://192.168.56.104/150KB.txt,2,0,0
1680789725686,29,HTTP Request 5 Small,200,OK,Thread Group 1-8,text,true,,256313,126,12,12,http://192.168.56.104/250KB.txt,3,0,0
1680789725806,10,HTTP Request 1 Small,200,OK,Thread Group 1-7,text,true,,51511,125,12,12,http://192.168.56.104/50KB.txt,3,0,0
1680789725846,19,HTTP Request 3 Small,200,OK,Thread Group 1-4,text,true,,153913,126,12,12,http://192.168.56.104/150KB.txt,3,0,0
1680789725870,20,HTTP Request 3 Small,200,OK,Thread Group 1-1,text,true,,153913,126,12,12,http://192.168.56.104/150KB.txt,1,0,0
1680789726128,8,HTTP Request 2 Small,200,OK,Thread Group 1-11,text,true,,102713,126,12,12,http://192.168.56.104/100KB.txt,1,0,0
1680789726243,102,HTTP Request 5 Small,200,OK,Thread Group 1-2,text,true,,256313,126,12,12,http://192.168.56.104/250KB.txt,5,0,0
1680789726369,14,HTTP Request 4 Small,200,OK,Thread Group 1-13,text,true,,205114,126,13,13,http://192.168.56.104/200KB.txt,4,0,2
1680789726525,14,HTTP Request 4 Small,200,OK,Thread Group 1-5,text,true,,205113,126,13,13,http://192.168.56.104/200KB.txt,2,0,0
1680789726730,8,HTTP Request 2 Small,200,OK,Thread Group 1-10,text,true,,102713,126,13,13,http://192.168.56.104/100KB.txt,1,0,0
1680789726765,6,HTTP Request 1 Small,200,OK,Thread Group 1-3,text,true,,51511,125,13,13,http://192.168.56.104/50KB.txt,1,0,0
1680789727327,18,HTTP Request 2 Small,200,OK,Thread Group 1-9,text,true,,102713,126,13,13,http://192.168.56.104/100KB.txt,7,0,0
1680789727288,65,HTTP Request 3 Small,200,OK,Thread Group 1-12,text,true,,153913,126,13,13,http://192.168.56.104/150KB.txt,3,0,0
1680789727369,16,HTTP Request 4 Small,200,OK,Thread Group 1-14,text,true,,205114,126,14,14,http://192.168.56.104/200KB.txt,5,0,2
1680789727365,24,HTTP Request 5 Small,200,OK,Thread Group 1-6,text,true,,256313,126,14,14,http://192.168.56.104/250KB.txt,1,0,0
1680789727607,21,HTTP Request 2 Small,200,OK,Thread Group 1-8,text,true,,102713,126,14,14,http://192.168.56.104/100KB.txt,4,0,0
1680789727725,20,HTTP Request 4 Small,200,OK,Thread Group 1-7,text,true,,205113,126,14,14,http://192.168.56.104/200KB.txt,1,0,0
1680789727765,16,HTTP Request 5 Small,200,OK,Thread Group 1-4,text,true,,256313,126,14,14,http://192.168.56.104/250KB.txt,1,0,0
1680789727789,13,HTTP Request 2 Small,200,OK,Thread Group 1-1,text,true,,102713,126,14,14,http://192.168.56.104/100KB.txt,2,0,0
1680789728048,18,HTTP Request 5 Small,200,OK,Thread Group 1-11,text,true,,256313,126,14,14,http://192.168.56.104/250KB.txt,1,0,0
1680789728163,16,HTTP Request 5 Small,200,OK,Thread Group 1-2,text,true,,256313,126,14,14,http://192.168.56.104/250KB.txt,2,0,0
1680789728369,16,HTTP Request 4 Small,200,OK,Thread Group 1-15,text,true,,205114,126,15,15,http://192.168.56.104/200KB.txt,4,0,1
1680789728449,62,HTTP Request 5 Small,200,OK,Thread Group 1-13,text,true,,256313,126,15,15,http://192.168.56.104/250KB.txt,3,0,0
1680789728605,11,HTTP Request 3 Small,200,OK,Thread Group 1-5,text,true,,153913,126,15,15,http://192.168.56.104/150KB.txt,1,0,0
1680789728810,6,HTTP Request 1 Small,200,OK,Thread Group 1-10,text,true,,51511,125,15,15,http://192.168.56.104/50KB.txt,2,0,0
1680789728844,13,HTTP Request 3 Small,200,OK,Thread Group 1-3,text,true,,153913,126,15,15,http://192.168.56.104/150KB.txt,1,0,0
1680789729368,14,HTTP Request 1 Small,200,OK,Thread Group 1-12,text,true,,51511,125,16,16,http://192.168.56.104/50KB.txt,11,0,0
1680789729369,14,HTTP Request 2 Small,200,OK,Thread Group 1-16,text,true,,102714,126,16,16,http://192.168.56.104/100KB.txt,3,0,1
1680789729408,26,HTTP Request 3 Small,200,OK,Thread Group 1-9,text,true,,153913,126,16,16,http://192.168.56.104/150KB.txt,1,0,0
1680789729606,10,HTTP Request 1 Small,200,OK,Thread Group 1-6,text,true,,51511,125,16,16,http://192.168.56.104/50KB.txt,1,0,0
1680789729608,15,HTTP Request 2 Small,200,OK,Thread Group 1-14,text,true,,102713,126,16,16,http://192.168.56.104/100KB.txt,3,0,0
1680789729847,40,HTTP Request 2 Small,200,OK,Thread Group 1-8,text,true,,102713,126,16,16,http://192.168.56.104/100KB.txt,3,0,0
1680789729966,28,HTTP Request 3 Small,200,OK,Thread Group 1-7,text,true,,153913,126,16,16,http://192.168.56.104/150KB.txt,2,0,0
1680789730006,19,HTTP Request 5 Small,200,OK,Thread Group 1-4,text,true,,256313,126,16,16,http://192.168.56.104/250KB.txt,1,0,0
1680789730029,17,HTTP Request 2 Small,200,OK,Thread Group 1-1,text,true,,102713,126,16,16,http://192.168.56.104/100KB.txt,2,0,0
1680789730288,6,HTTP Request 1 Small,200,OK,Thread Group 1-11,text,true,,51511,125,16,16,http://192.168.56.104/50KB.txt,1,0,0
1680789730367,14,HTTP Request 5 Small,200,OK,Thread Group 1-17,text,true,,256314,126,17,17,http://192.168.56.104/250KB.txt,4,0,2
1680789730403,11,HTTP Request 3 Small,200,OK,Thread Group 1-2,text,true,,153913,126,17,17,http://192.168.56.104/150KB.txt,2,0,0
1680789730769,5,HTTP Request 1 Small,200,OK,Thread Group 1-15,text,true,,51511,125,17,17,http://192.168.56.104/50KB.txt,1,0,0
1680789730848,21,HTTP Request 4 Small,200,OK,Thread Group 1-13,text,true,,205113,126,17,17,http://192.168.56.104/200KB.txt,1,0,0
1680789731006,12,HTTP Request 4 Small,200,OK,Thread Group 1-5,text,true,,205113,126,17,17,http://192.168.56.104/200KB.txt,2,0,0
1680789731209,15,HTTP Request 5 Small,200,OK,Thread Group 1-10,text,true,,256313,126,17,17,http://192.168.56.104/250KB.txt,2,0,0
1680789731244,15,HTTP Request 4 Small,200,OK,Thread Group 1-3,text,true,,205113,126,17,17,http://192.168.56.104/200KB.txt,1,0,0
1680789731369,7,HTTP Request 1 Small,200,OK,Thread Group 1-18,text,true,,51512,125,18,18,http://192.168.56.104/50KB.txt,4,0,2
1680789731928,28,HTTP Request 5 Small,200,OK,Thread Group 1-16,text,true,,256313,126,18,18,http://192.168.56.104/250KB.txt,5,0,0
1680789731928,33,HTTP Request 5 Small,200,OK,Thread Group 1-12,text,true,,256313,126,18,18,http://192.168.56.104/250KB.txt,1,0,0
1680789731967,21,HTTP Request 4 Small,200,OK,Thread Group 1-9,text,true,,205113,126,18,18,http://192.168.56.104/200KB.txt,1,0,0
1680789732166,7,HTTP Request 1 Small,200,OK,Thread Group 1-6,text,true,,51511,125,18,18,http://192.168.56.104/50KB.txt,1,0,0
1680789732168,28,HTTP Request 3 Small,200,OK,Thread Group 1-14,text,true,,153913,126,18,18,http://192.168.56.104/150KB.txt,2,0,0
1680789732368,7,HTTP Request 1 Small,200,OK,Thread Group 1-19,text,true,,51512,125,19,19,http://192.168.56.104/50KB.txt,3,0,2
1680789732407,34,HTTP Request 2 Small,200,OK,Thread Group 1-8,text,true,,102713,126,19,19,http://192.168.56.104/100KB.txt,4,0,0
1680789732526,17,HTTP Request 2 Small,200,OK,Thread Group 1-7,text,true,,102713,126,19,19,http://192.168.56.104/100KB.txt,2,0,0
1680789732565,13,HTTP Request 4 Small,200,OK,Thread Group 1-4,text,true,,205113,126,19,19,http://192.168.56.104/200KB.txt,2,0,0
1680789732589,16,HTTP Request 2 Small,200,OK,Thread Group 1-1,text,true,,102713,126,19,19,http://192.168.56.104/100KB.txt,1,0,0
1680789732847,14,HTTP Request 5 Small,200,OK,Thread Group 1-11,text,true,,256313,126,19,19,http://192.168.56.104/250KB.txt,1,0,0
1680789733086,15,HTTP Request 4 Small,200,OK,Thread Group 1-17,text,true,,205113,126,19,19,http://192.168.56.104/200KB.txt,1,0,0
1680789733122,11,HTTP Request 3 Small,200,OK,Thread Group 1-2,text,true,,153913,126,19,19,http://192.168.56.104/150KB.txt,1,0,0
1680789733370,27,HTTP Request 4 Small,200,OK,Thread Group 1-20,text,true,,205114,126,20,20,http://192.168.56.104/200KB.txt,6,0,2
1680789733489,10,HTTP Request 3 Small,200,OK,Thread Group 1-15,text,true,,153913,126,20,20,http://192.168.56.104/150KB.txt,1,0,0
1680789733569,21,HTTP Request 3 Small,200,OK,Thread Group 1-13,text,true,,153913,126,20,20,http://192.168.56.104/150KB.txt,1,0,0
1680789733726,27,HTTP Request 2 Small,200,OK,Thread Group 1-5,text,true,,102713,126,20,20,http://192.168.56.104/100KB.txt,5,0,0
1680789733929,19,HTTP Request 4 Small,200,OK,Thread Group 1-10,text,true,,205113,126,20,20,http://192.168.56.104/200KB.txt,2,0,0
1680789733965,24,HTTP Request 5 Small,200,OK,Thread Group 1-3,text,true,,256313,126,20,20,http://192.168.56.104/250KB.txt,1,0,0
1680789734248,11,HTTP Request 4 Small,200,OK,Thread Group 1-18,text,true,,205113,126,20,20,http://192.168.56.104/200KB.txt,1,0,0
1680789734371,14,HTTP Request 5 Small,200,OK,Thread Group 1-21,text,true,,256314,126,21,21,http://192.168.56.104/250KB.txt,3,0,1
1680789734809,49,HTTP Request 5 Small,200,OK,Thread Group 1-16,text,true,,256313,126,21,21,http://192.168.56.104/250KB.txt,4,0,0
1680789734848,19,HTTP Request 1 Small,200,OK,Thread Group 1-9,text,true,,51511,125,21,21,http://192.168.56.104/50KB.txt,2,0,0
1680789734809,69,HTTP Request 5 Small,200,OK,Thread Group 1-12,text,true,,256313,126,21,21,http://192.168.56.104/250KB.txt,2,0,0
1680789735045,28,HTTP Request 4 Small,200,OK,Thread Group 1-6,text,true,,205113,126,21,21,http://192.168.56.104/200KB.txt,1,0,0
1680789735048,41,HTTP Request 5 Small,200,OK,Thread Group 1-14,text,true,,256313,126,21,21,http://192.168.56.104/250KB.txt,1,0,0
1680789735372,32,HTTP Request 3 Small,200,OK,Thread Group 1-22,text,true,,153914,126,22,22,http://192.168.56.104/150KB.txt,8,0,2
1680789735407,5,HTTP Request 1 Small,200,OK,Thread Group 1-19,text,true,,51511,125,22,22,http://192.168.56.104/50KB.txt,2,0,0
1680789735447,11,HTTP Request 1 Small,200,OK,Thread Group 1-8,text,true,,51511,125,22,22,http://192.168.56.104/50KB.txt,2,0,0
1680789735566,32,HTTP Request 5 Small,200,OK,Thread Group 1-7,text,true,,256313,126,22,22,http://192.168.56.104/250KB.txt,1,0,0
1680789735605,20,HTTP Request 4 Small,200,OK,Thread Group 1-4,text,true,,205113,126,22,22,http://192.168.56.104/200KB.txt,2,0,0
1680789735629,35,HTTP Request 5 Small,200,OK,Thread Group 1-1,text,true,,256313,126,22,22,http://192.168.56.104/250KB.txt,2,0,0
1680789735888,8,HTTP Request 2 Small,200,OK,Thread Group 1-11,text,true,,102713,126,22,22,http://192.168.56.104/100KB.txt,1,0,0
1680789736127,12,HTTP Request 2 Small,200,OK,Thread Group 1-17,text,true,,102713,126,22,22,http://192.168.56.104/100KB.txt,1,0,0
1680789736162,5,HTTP Request 1 Small,200,OK,Thread Group 1-2,text,true,,51511,125,22,22,http://192.168.56.104/50KB.txt,2,0,0
1680789736370,7,HTTP Request 1 Small,200,OK,Thread Group 1-23,text,true,,51512,125,23,23,http://192.168.56.104/50KB.txt,4,0,2
1680789736568,15,HTTP Request 5 Small,200,OK,Thread Group 1-20,text,true,,256313,126,23,23,http://192.168.56.104/250KB.txt,1,0,0
1680789736688,5,HTTP Request 1 Small,200,OK,Thread Group 1-15,text,true,,51511,125,23,23,http://192.168.56.104/50KB.txt,2,0,0
1680789736768,7,HTTP Request 1 Small,200,OK,Thread Group 1-13,text,true,,51511,125,23,23,http://192.168.56.104/50KB.txt,2,0,0
1680789736926,40,HTTP Request 2 Small,200,OK,Thread Group 1-5,text,true,,102713,126,23,23,http://192.168.56.104/100KB.txt,4,0,0
1680789737129,24,HTTP Request 2 Small,200,OK,Thread Group 1-10,text,true,,102713,126,23,23,http://192.168.56.104/100KB.txt,5,0,0
1680789737164,25,HTTP Request 3 Small,200,OK,Thread Group 1-3,text,true,,153913,126,23,23,http://192.168.56.104/150KB.txt,3,0,0
1680789737371,22,HTTP Request 4 Small,200,OK,Thread Group 1-24,text,true,,205114,126,24,24,http://192.168.56.104/200KB.txt,5,0,2
1680789737447,22,HTTP Request 4 Small,200,OK,Thread Group 1-18,text,true,,205113,126,24,24,http://192.168.56.104/200KB.txt,2,0,0
1680789737731,10,HTTP Request 3 Small,200,OK,Thread Group 1-21,text,true,,153913,126,24,24,http://192.168.56.104/150KB.txt,1,0,0
1680789738169,60,HTTP Request 5 Small,200,OK,Thread Group 1-16,text,true,,256313,126,24,24,http://192.168.56.104/250KB.txt,5,0,0
1680789738170,65,HTTP Request 2 Small,200,OK,Thread Group 1-12,text,true,,102713,126,24,24,http://192.168.56.104/100KB.txt,8,0,0
1680789738207,63,HTTP Request 5 Small,200,OK,Thread Group 1-9,text,true,,256313,126,24,24,http://192.168.56.104/250KB.txt,4,0,0
1680789738370,7,HTTP Request 1 Small,200,OK,Thread Group 1-25,text,true,,51512,125,25,25,http://192.168.56.104/50KB.txt,4,0,2
1680789738407,6,HTTP Request 1 Small,200,OK,Thread Group 1-14,text,true,,51511,125,25,25,http://192.168.56.104/50KB.txt,2,0,0
1680789738406,12,HTTP Request 3 Small,200,OK,Thread Group 1-6,text,true,,153913,126,25,25,http://192.168.56.104/150KB.txt,2,0,0
1680789738890,9,HTTP Request 2 Small,200,OK,Thread Group 1-22,text,true,,102713,126,25,25,http://192.168.56.104/100KB.txt,2,0,0
1680789738928,13,HTTP Request 4 Small,200,OK,Thread Group 1-19,text,true,,205113,126,25,25,http://192.168.56.104/200KB.txt,1,0,0
1680789738966,7,HTTP Request 1 Small,200,OK,Thread Group 1-8,text,true,,51511,125,25,25,http://192.168.56.104/50KB.txt,1,0,0
1680789739086,7,HTTP Request 1 Small,200,OK,Thread Group 1-7,text,true,,51511,125,25,25,http://192.168.56.104/50KB.txt,1,0,0
1680789739149,18,HTTP Request 1 Small,200,OK,Thread Group 1-1,text,true,,51511,125,25,25,http://192.168.56.104/50KB.txt,5,0,0
1680789739125,46,HTTP Request 5 Small,200,OK,Thread Group 1-4,text,true,,256313,126,25,25,http://192.168.56.104/250KB.txt,1,0,0
1680789739371,16,HTTP Request 5 Small,200,OK,Thread Group 1-26,text,true,,256314,126,26,26,http://192.168.56.104/250KB.txt,3,0,1
1680789739408,15,HTTP Request 5 Small,200,OK,Thread Group 1-11,text,true,,256313,126,26,26,http://192.168.56.104/250KB.txt,2,0,0
1680789739647,10,HTTP Request 1 Small,200,OK,Thread Group 1-17,text,true,,51511,125,26,26,http://192.168.56.104/50KB.txt,1,0,0
1680789739683,10,HTTP Request 3 Small,200,OK,Thread Group 1-2,text,true,,153913,126,26,26,http://192.168.56.104/150KB.txt,1,0,0
1680789740049,5,HTTP Request 1 Small,200,OK,Thread Group 1-23,text,true,,51511,125,26,26,http://192.168.56.104/50KB.txt,1,0,0
1680789740249,8,HTTP Request 2 Small,200,OK,Thread Group 1-20,text,true,,102713,126,26,26,http://192.168.56.104/100KB.txt,2,0,0
1680789740372,17,HTTP Request 2 Small,200,OK,Thread Group 1-27,text,true,,102714,126,27,27,http://192.168.56.104/100KB.txt,5,0,2
1680789740369,27,HTTP Request 5 Small,200,OK,Thread Group 1-15,text,true,,256313,126,27,27,http://192.168.56.104/250KB.txt,2,0,0
1680789740450,22,HTTP Request 5 Small,200,OK,Thread Group 1-13,text,true,,256313,126,27,27,http://192.168.56.104/250KB.txt,1,0,0
1680789740606,7,HTTP Request 1 Small,200,OK,Thread Group 1-5,text,true,,51511,125,27,27,http://192.168.56.104/50KB.txt,1,0,0
1680789740809,8,HTTP Request 1 Small,200,OK,Thread Group 1-10,text,true,,51511,125,27,27,http://192.168.56.104/50KB.txt,2,0,0
1680789740844,14,HTTP Request 3 Small,200,OK,Thread Group 1-3,text,true,,153913,126,27,27,http://192.168.56.104/150KB.txt,2,0,0
1680789741210,13,HTTP Request 4 Small,200,OK,Thread Group 1-24,text,true,,205113,126,27,27,http://192.168.56.104/200KB.txt,2,0,0
1680789741287,10,HTTP Request 2 Small,200,OK,Thread Group 1-18,text,true,,102713,126,27,27,http://192.168.56.104/100KB.txt,1,0,0
1680789741372,30,HTTP Request 3 Small,200,OK,Thread Group 1-28,text,true,,153914,126,28,28,http://192.168.56.104/150KB.txt,8,0,3
1680789741570,11,HTTP Request 2 Small,200,OK,Thread Group 1-21,text,true,,102713,126,28,28,http://192.168.56.104/100KB.txt,3,0,0
1680789742008,33,HTTP Request 2 Small,200,OK,Thread Group 1-12,text,true,,102713,126,28,28,http://192.168.56.104/100KB.txt,3,0,0
1680789742009,34,HTTP Request 5 Small,200,OK,Thread Group 1-16,text,true,,256313,126,28,28,http://192.168.56.104/250KB.txt,4,0,0
1680789742048,59,HTTP Request 5 Small,200,OK,Thread Group 1-9,text,true,,256313,126,28,28,http://192.168.56.104/250KB.txt,2,0,0
1680789742371,9,HTTP Request 2 Small,200,OK,Thread Group 1-29,text,true,,102714,126,29,29,http://192.168.56.104/100KB.txt,4,0,2
1680789742370,15,HTTP Request 2 Small,200,OK,Thread Group 1-25,text,true,,102713,126,29,29,http://192.168.56.104/100KB.txt,2,0,0
1680789742407,4,HTTP Request 1 Small,200,OK,Thread Group 1-14,text,true,,51511,125,29,29,http://192.168.56.104/50KB.txt,1,0,0
1680789742405,12,HTTP Request 2 Small,200,OK,Thread Group 1-6,text,true,,102713,126,29,29,http://192.168.56.104/100KB.txt,1,0,0
1680789742890,13,HTTP Request 4 Small,200,OK,Thread Group 1-22,text,true,,205113,126,29,29,http://192.168.56.104/200KB.txt,1,0,0
1680789742928,5,HTTP Request 1 Small,200,OK,Thread Group 1-19,text,true,,51511,125,29,29,http://192.168.56.104/50KB.txt,1,0,0
1680789742966,13,HTTP Request 5 Small,200,OK,Thread Group 1-8,text,true,,256313,126,29,29,http://192.168.56.104/250KB.txt,2,0,0
1680789743085,16,HTTP Request 3 Small,200,OK,Thread Group 1-7,text,true,,153913,126,29,29,http://192.168.56.104/150KB.txt,2,0,0
1680789743125,12,HTTP Request 2 Small,200,OK,Thread Group 1-4,text,true,,102713,126,29,29,http://192.168.56.104/100KB.txt,1,0,0
1680789743149,8,HTTP Request 1 Small,200,OK,Thread Group 1-1,text,true,,51511,125,29,29,http://192.168.56.104/50KB.txt,1,0,0
1680789743371,14,HTTP Request 4 Small,200,OK,Thread Group 1-30,text,true,,205114,126,30,30,http://192.168.56.104/200KB.txt,4,0,2
1680789743531,5,HTTP Request 1 Small,200,OK,Thread Group 1-26,text,true,,51511,125,30,30,http://192.168.56.104/50KB.txt,2,0,0
1680789743567,8,HTTP Request 2 Small,200,OK,Thread Group 1-11,text,true,,102713,126,30,30,http://192.168.56.104/100KB.txt,2,0,0
1680789743843,29,HTTP Request 4 Small,200,OK,Thread Group 1-2,text,true,,205113,126,30,30,http://192.168.56.104/200KB.txt,8,0,0
1680789743806,67,HTTP Request 4 Small,200,OK,Thread Group 1-17,text,true,,205113,126,30,30,http://192.168.56.104/200KB.txt,3,0,0
1680789744209,9,HTTP Request 1 Small,200,OK,Thread Group 1-23,text,true,,51511,125,30,30,http://192.168.56.104/50KB.txt,2,0,0
1680789744409,13,HTTP Request 4 Small,200,OK,Thread Group 1-20,text,true,,205113,126,30,30,http://192.168.56.104/200KB.txt,2,0,0
1680789744688,14,HTTP Request 4 Small,200,OK,Thread Group 1-15,text,true,,205113,126,30,30,http://192.168.56.104/200KB.txt,2,0,0
1680789744690,17,HTTP Request 4 Small,200,OK,Thread Group 1-27,text,true,,205113,126,30,30,http://192.168.56.104/200KB.txt,1,0,0
1680789744768,33,HTTP Request 2 Small,200,OK,Thread Group 1-13,text,true,,102713,126,30,30,http://192.168.56.104/100KB.txt,4,0,0
1680789744926,15,HTTP Request 4 Small,200,OK,Thread Group 1-5,text,true,,205113,126,30,30,http://192.168.56.104/200KB.txt,1,0,0
1680789745130,6,HTTP Request 1 Small,200,OK,Thread Group 1-10,text,true,,51511,125,30,30,http://192.168.56.104/50KB.txt,1,0,0
1680789745165,13,HTTP Request 3 Small,200,OK,Thread Group 1-3,text,true,,153913,126,30,30,http://192.168.56.104/150KB.txt,1,0,0
1680789745531,17,HTTP Request 5 Small,200,OK,Thread Group 1-24,text,true,,256313,126,30,30,http://192.168.56.104/250KB.txt,2,0,0
1680789745607,19,HTTP Request 5 Small,200,OK,Thread Group 1-18,text,true,,256313,126,30,30,http://192.168.56.104/250KB.txt,2,0,0
1680789745852,11,HTTP Request 4 Small,200,OK,Thread Group 1-28,text,true,,205113,126,30,30,http://192.168.56.104/200KB.txt,1,0,0
1680789746051,9,HTTP Request 2 Small,200,OK,Thread Group 1-21,text,true,,102713,126,30,30,http://192.168.56.104/100KB.txt,1,0,0
1680789746490,27,HTTP Request 4 Small,200,OK,Thread Group 1-16,text,true,,205113,126,30,30,http://192.168.56.104/200KB.txt,2,0,0
1680789746489,48,HTTP Request 5 Small,200,OK,Thread Group 1-12,text,true,,256313,126,30,30,http://192.168.56.104/250KB.txt,1,0,0
1680789746528,26,HTTP Request 4 Small,200,OK,Thread Group 1-9,text,true,,205113,126,30,30,http://192.168.56.104/200KB.txt,2,0,0
1680789747010,35,HTTP Request 4 Small,200,OK,Thread Group 1-29,text,true,,205113,126,30,30,http://192.168.56.104/200KB.txt,6,0,0
1680789747047,25,HTTP Request 4 Small,200,OK,Thread Group 1-14,text,true,,205113,126,30,30,http://192.168.56.104/200KB.txt,4,0,0
1680789747009,66,HTTP Request 5 Small,200,OK,Thread Group 1-25,text,true,,256313,126,30,30,http://192.168.56.104/250KB.txt,5,0,0
1680789747046,29,HTTP Request 5 Small,200,OK,Thread Group 1-6,text,true,,256313,126,30,30,http://192.168.56.104/250KB.txt,4,0,0
1680789747530,9,HTTP Request 1 Small,200,OK,Thread Group 1-22,text,true,,51511,125,30,30,http://192.168.56.104/50KB.txt,2,0,0
1680789747567,10,HTTP Request 2 Small,200,OK,Thread Group 1-19,text,true,,102713,126,30,30,http://192.168.56.104/100KB.txt,2,0,0
1680789747607,15,HTTP Request 5 Small,200,OK,Thread Group 1-8,text,true,,256313,126,30,30,http://192.168.56.104/250KB.txt,1,0,0
1680789747725,40,HTTP Request 3 Small,200,OK,Thread Group 1-7,text,true,,153913,126,30,30,http://192.168.56.104/150KB.txt,4,0,0
1680789747766,35,HTTP Request 4 Small,200,OK,Thread Group 1-4,text,true,,205113,126,30,30,http://192.168.56.104/200KB.txt,1,0,0
1680789747789,16,HTTP Request 2 Small,200,OK,Thread Group 1-1,text,true,,102713,126,30,30,http://192.168.56.104/100KB.txt,5,0,0
1680789748170,8,HTTP Request 2 Small,200,OK,Thread Group 1-30,text,true,,102713,126,30,30,http://192.168.56.104/100KB.txt,1,0,0
1680789748331,16,HTTP Request 5 Small,200,OK,Thread Group 1-26,text,true,,256313,126,30,30,http://192.168.56.104/250KB.txt,2,0,0
1680789748367,11,HTTP Request 2 Small,200,OK,Thread Group 1-11,text,true,,102713,126,30,30,http://192.168.56.104/100KB.txt,2,0,0
1680789748607,21,HTTP Request 2 Small,200,OK,Thread Group 1-17,text,true,,102713,126,30,30,http://192.168.56.104/100KB.txt,1,0,0
1680789748643,19,HTTP Request 3 Small,200,OK,Thread Group 1-2,text,true,,153913,126,30,30,http://192.168.56.104/150KB.txt,2,0,0
1680789749009,5,HTTP Request 1 Small,200,OK,Thread Group 1-23,text,true,,51511,125,30,30,http://192.168.56.104/50KB.txt,1,0,0
1680789749208,6,HTTP Request 1 Small,200,OK,Thread Group 1-20,text,true,,51511,125,30,30,http://192.168.56.104/50KB.txt,2,0,0
1680789749491,23,HTTP Request 2 Small,200,OK,Thread Group 1-27,text,true,,102713,126,30,30,http://192.168.56.104/100KB.txt,2,0,0
1680789749489,42,HTTP Request 5 Small,200,OK,Thread Group 1-15,text,true,,256313,126,30,30,http://192.168.56.104/250KB.txt,1,0,0
1680789749569,55,HTTP Request 5 Small,200,OK,Thread Group 1-13,text,true,,256313,126,30,30,http://192.168.56.104/250KB.txt,3,0,0
1680789749725,28,HTTP Request 4 Small,200,OK,Thread Group 1-5,text,true,,205113,126,30,30,http://192.168.56.104/200KB.txt,3,0,0
1680789749930,5,HTTP Request 1 Small,200,OK,Thread Group 1-10,text,true,,51511,125,30,30,http://192.168.56.104/50KB.txt,1,0,0
1680789749964,15,HTTP Request 5 Small,200,OK,Thread Group 1-3,text,true,,256313,126,30,30,http://192.168.56.104/250KB.txt,1,0,0
1680789750331,5,HTTP Request 1 Small,200,OK,Thread Group 1-24,text,true,,51511,125,30,30,http://192.168.56.104/50KB.txt,2,0,0
1680789750407,14,HTTP Request 5 Small,200,OK,Thread Group 1-18,text,true,,256313,126,30,30,http://192.168.56.104/250KB.txt,1,0,0
1680789750652,8,HTTP Request 2 Small,200,OK,Thread Group 1-28,text,true,,102713,126,30,30,http://192.168.56.104/100KB.txt,1,0,0
1680789750851,10,HTTP Request 2 Small,200,OK,Thread Group 1-21,text,true,,102713,126,30,30,http://192.168.56.104/100KB.txt,1,0,0
1680789751327,13,HTTP Request 2 Small,200,OK,Thread Group 1-9,text,true,,102713,126,30,30,http://192.168.56.104/100KB.txt,4,0,0
1680789751289,59,HTTP Request 3 Small,200,OK,Thread Group 1-12,text,true,,153913,126,30,30,http://192.168.56.104/150KB.txt,4,0,0
1680789751288,65,HTTP Request 5 Small,200,OK,Thread Group 1-16,text,true,,256313,126,30,30,http://192.168.56.104/250KB.txt,3,0,0
1680789751809,13,HTTP Request 3 Small,200,OK,Thread Group 1-25,text,true,,153913,126,30,30,http://192.168.56.104/150KB.txt,2,0,0
1680789751810,17,HTTP Request 5 Small,200,OK,Thread Group 1-29,text,true,,256313,126,30,30,http://192.168.56.104/250KB.txt,3,0,0
1680789751845,5,HTTP Request 1 Small,200,OK,Thread Group 1-6,text,true,,51511,125,30,30,http://192.168.56.104/50KB.txt,2,0,0
1680789751847,15,HTTP Request 4 Small,200,OK,Thread Group 1-14,text,true,,205113,126,30,30,http://192.168.56.104/200KB.txt,4,0,0
1680789752330,22,HTTP Request 5 Small,200,OK,Thread Group 1-22,text,true,,256313,126,30,30,http://192.168.56.104/250KB.txt,1,0,0
1680789752368,14,HTTP Request 4 Small,200,OK,Thread Group 1-19,text,true,,205113,126,30,30,http://192.168.56.104/200KB.txt,1,0,0
1680789752407,4,HTTP Request 1 Small,200,OK,Thread Group 1-8,text,true,,51511,125,30,30,http://192.168.56.104/50KB.txt,2,0,0
1680789752525,31,HTTP Request 5 Small,200,OK,Thread Group 1-7,text,true,,256313,126,30,30,http://192.168.56.104/250KB.txt,2,0,0
1680789752566,23,HTTP Request 3 Small,200,OK,Thread Group 1-4,text,true,,153913,126,30,30,http://192.168.56.104/150KB.txt,1,0,0
1680789752589,24,HTTP Request 4 Small,200,OK,Thread Group 1-1,text,true,,205113,126,30,30,http://192.168.56.104/200KB.txt,2,0,0
1680789752971,23,HTTP Request 4 Small,200,OK,Thread Group 1-30,text,true,,205113,126,30,30,http://192.168.56.104/200KB.txt,1,0,0
1680789753131,18,HTTP Request 4 Small,200,OK,Thread Group 1-26,text,true,,205113,126,30,30,http://192.168.56.104/200KB.txt,3,0,0
1680789753167,16,HTTP Request 4 Small,200,OK,Thread Group 1-11,text,true,,205113,126,30,30,http://192.168.56.104/200KB.txt,2,0,0
1680789753407,61,HTTP Request 5 Small,200,OK,Thread Group 1-17,text,true,,256313,126,30,30,http://192.168.56.104/250KB.txt,1,0,0
1680789753443,26,HTTP Request 4 Small,200,OK,Thread Group 1-2,text,true,,205113,126,30,30,http://192.168.56.104/200KB.txt,2,0,0
1680789753810,11,HTTP Request 4 Small,200,OK,Thread Group 1-23,text,true,,205113,126,30,30,http://192.168.56.104/200KB.txt,1,0,0
1680789754009,11,HTTP Request 3 Small,200,OK,Thread Group 1-20,text,true,,153913,126,30,30,http://192.168.56.104/150KB.txt,1,0,0
1680789754289,49,HTTP Request 4 Small,200,OK,Thread Group 1-15,text,true,,205113,126,30,30,http://192.168.56.104/200KB.txt,3,0,0
1680789754291,51,HTTP Request 1 Small,200,OK,Thread Group 1-27,text,true,,51511,125,30,30,http://192.168.56.104/50KB.txt,4,0,0
1680789754368,7,HTTP Request 1 Small,200,OK,Thread Group 1-13,text,true,,51511,125,30,30,http://192.168.56.104/50KB.txt,1,0,0
1680789754526,16,HTTP Request 3 Small,200,OK,Thread Group 1-5,text,true,,153913,126,30,30,http://192.168.56.104/150KB.txt,1,0,0
1680789754729,5,HTTP Request 1 Small,200,OK,Thread Group 1-10,text,true,,51511,125,30,30,http://192.168.56.104/50KB.txt,1,0,0
1680789754764,11,HTTP Request 3 Small,200,OK,Thread Group 1-3,text,true,,153913,126,30,30,http://192.168.56.104/150KB.txt,1,0,0
1680789755131,14,HTTP Request 5 Small,200,OK,Thread Group 1-24,text,true,,256313,126,30,30,http://192.168.56.104/250KB.txt,1,0,0
1680789755208,7,HTTP Request 2 Small,200,OK,Thread Group 1-18,text,true,,102713,126,30,30,http://192.168.56.104/100KB.txt,1,0,0
1680789755452,14,HTTP Request 4 Small,200,OK,Thread Group 1-28,text,true,,205113,126,30,30,http://192.168.56.104/200KB.txt,1,0,0
1680789755651,9,HTTP Request 3 Small,200,OK,Thread Group 1-21,text,true,,153913,126,30,30,http://192.168.56.104/150KB.txt,1,0,0
1680789756088,27,HTTP Request 2 Small,200,OK,Thread Group 1-12,text,true,,102713,126,30,30,http://192.168.56.104/100KB.txt,2,0,0
1680789756088,31,HTTP Request 3 Small,200,OK,Thread Group 1-16,text,true,,153913,126,30,30,http://192.168.56.104/150KB.txt,5,0,0
1680789756128,33,HTTP Request 4 Small,200,OK,Thread Group 1-9,text,true,,205113,126,30,30,http://192.168.56.104/200KB.txt,1,0,0
1680789756610,10,HTTP Request 1 Small,200,OK,Thread Group 1-25,text,true,,51511,125,30,30,http://192.168.56.104/50KB.txt,3,0,0
1680789756611,20,HTTP Request 2 Small,200,OK,Thread Group 1-29,text,true,,102713,126,30,30,http://192.168.56.104/100KB.txt,12,0,0
1680789756647,10,HTTP Request 2 Small,200,OK,Thread Group 1-14,text,true,,102713,126,30,30,http://192.168.56.104/100KB.txt,4,0,0
1680789756646,12,HTTP Request 2 Small,200,OK,Thread Group 1-6,text,true,,102713,126,30,30,http://192.168.56.104/100KB.txt,1,0,0
1680789757131,10,HTTP Request 1 Small,200,OK,Thread Group 1-22,text,true,,51511,125,30,30,http://192.168.56.104/50KB.txt,3,0,0
1680789757167,5,HTTP Request 1 Small,200,OK,Thread Group 1-19,text,true,,51511,125,30,30,http://192.168.56.104/50KB.txt,1,0,0
1680789757206,15,HTTP Request 5 Small,200,OK,Thread Group 1-8,text,true,,256313,126,30,30,http://192.168.56.104/250KB.txt,1,0,0
1680789757325,33,HTTP Request 4 Small,200,OK,Thread Group 1-7,text,true,,205113,126,30,30,http://192.168.56.104/200KB.txt,2,0,0
1680789757366,16,HTTP Request 3 Small,200,OK,Thread Group 1-4,text,true,,153913,126,30,30,http://192.168.56.104/150KB.txt,2,0,0
1680789757389,9,HTTP Request 1 Small,200,OK,Thread Group 1-1,text,true,,51511,125,30,30,http://192.168.56.104/50KB.txt,1,0,0
1680789757770,28,HTTP Request 4 Small,200,OK,Thread Group 1-30,text,true,,205113,126,30,30,http://192.168.56.104/200KB.txt,3,0,0
1680789757931,20,HTTP Request 4 Small,200,OK,Thread Group 1-26,text,true,,205113,126,30,30,http://192.168.56.104/200KB.txt,2,0,0
1680789757967,11,HTTP Request 2 Small,200,OK,Thread Group 1-11,text,true,,102713,126,30,30,http://192.168.56.104/100KB.txt,2,0,0
1680789758206,21,HTTP Request 1 Small,200,OK,Thread Group 1-17,text,true,,51511,125,30,30,http://192.168.56.104/50KB.txt,4,0,0
1680789758242,21,HTTP Request 5 Small,200,OK,Thread Group 1-2,text,true,,256313,126,30,30,http://192.168.56.104/250KB.txt,2,0,0
1680789758610,5,HTTP Request 1 Small,200,OK,Thread Group 1-23,text,true,,51511,125,30,30,http://192.168.56.104/50KB.txt,1,0,0
1680789758809,9,HTTP Request 3 Small,200,OK,Thread Group 1-20,text,true,,153913,126,30,30,http://192.168.56.104/150KB.txt,1,0,0
1680789759091,42,HTTP Request 2 Small,200,OK,Thread Group 1-27,text,true,,102713,126,30,30,http://192.168.56.104/100KB.txt,2,0,0
1680789759089,46,HTTP Request 5 Small,200,OK,Thread Group 1-15,text,true,,256313,126,30,30,http://192.168.56.104/250KB.txt,1,0,0
1680789759168,12,HTTP Request 2 Small,200,OK,Thread Group 1-13,text,true,,102713,126,30,30,http://192.168.56.104/100KB.txt,1,0,0
1680789759326,6,HTTP Request 1 Small,200,OK,Thread Group 1-5,text,true,,51511,125,30,30,http://192.168.56.104/50KB.txt,1,0,0
1680789759530,26,HTTP Request 3 Small,200,OK,Thread Group 1-10,text,true,,153913,126,30,30,http://192.168.56.104/150KB.txt,4,0,0
1680789759565,6,HTTP Request 1 Small,200,OK,Thread Group 1-3,text,true,,51511,125,30,30,http://192.168.56.104/50KB.txt,1,0,0
1680789759931,4,HTTP Request 1 Small,200,OK,Thread Group 1-24,text,true,,51511,125,30,30,http://192.168.56.104/50KB.txt,1,0,0
1680789760008,60,HTTP Request 3 Small,200,OK,Thread Group 1-18,text,true,,153913,126,30,30,http://192.168.56.104/150KB.txt,3,0,0
1680789760251,21,HTTP Request 3 Small,200,OK,Thread Group 1-28,text,true,,153913,126,30,30,http://192.168.56.104/150KB.txt,2,0,0
1680789760451,25,HTTP Request 5 Small,200,OK,Thread Group 1-21,text,true,,256313,126,30,30,http://192.168.56.104/250KB.txt,2,0,0
1680789760888,64,HTTP Request 3 Small,200,OK,Thread Group 1-16,text,true,,153913,126,30,30,http://192.168.56.104/150KB.txt,5,0,0
1680789760927,73,HTTP Request 4 Small,200,OK,Thread Group 1-9,text,true,,205113,126,30,30,http://192.168.56.104/200KB.txt,4,0,0
1680789760888,120,HTTP Request 5 Small,200,OK,Thread Group 1-12,text,true,,256313,126,30,30,http://192.168.56.104/250KB.txt,3,0,0
1680789761410,19,HTTP Request 1 Small,200,OK,Thread Group 1-25,text,true,,51511,125,30,30,http://192.168.56.104/50KB.txt,13,0,0
1680789761446,12,HTTP Request 1 Small,200,OK,Thread Group 1-6,text,true,,51511,125,30,30,http://192.168.56.104/50KB.txt,3,0,0
1680789761448,12,HTTP Request 1 Small,200,OK,Thread Group 1-14,text,true,,51511,125,30,30,http://192.168.56.104/50KB.txt,5,0,0
1680789761411,50,HTTP Request 4 Small,200,OK,Thread Group 1-29,text,true,,205113,126,30,30,http://192.168.56.104/200KB.txt,2,0,0
1680789761930,17,HTTP Request 4 Small,200,OK,Thread Group 1-22,text,true,,205113,126,30,30,http://192.168.56.104/200KB.txt,2,0,0
1680789761967,14,HTTP Request 4 Small,200,OK,Thread Group 1-19,text,true,,205113,126,30,30,http://192.168.56.104/200KB.txt,1,0,0
1680789762006,8,HTTP Request 3 Small,200,OK,Thread Group 1-8,text,true,,153913,126,30,30,http://192.168.56.104/150KB.txt,2,0,0
1680789762125,18,HTTP Request 1 Small,200,OK,Thread Group 1-7,text,true,,51511,125,30,30,http://192.168.56.104/50KB.txt,3,0,0
1680789762166,10,HTTP Request 2 Small,200,OK,Thread Group 1-4,text,true,,102713,126,30,30,http://192.168.56.104/100KB.txt,1,0,0
1680789762189,15,HTTP Request 3 Small,200,OK,Thread Group 1-1,text,true,,153913,126,30,30,http://192.168.56.104/150KB.txt,1,0,0
1680789762570,15,HTTP Request 3 Small,200,OK,Thread Group 1-30,text,true,,153913,126,30,30,http://192.168.56.104/150KB.txt,2,0,0
1680789762730,33,HTTP Request 4 Small,200,OK,Thread Group 1-26,text,true,,205113,126,30,30,http://192.168.56.104/200KB.txt,4,0,0
1680789762767,10,HTTP Request 2 Small,200,OK,Thread Group 1-11,text,true,,102713,126,30,30,http://192.168.56.104/100KB.txt,1,0,0
1680789763006,19,HTTP Request 2 Small,200,OK,Thread Group 1-17,text,true,,102713,126,30,30,http://192.168.56.104/100KB.txt,4,0,0
1680789763043,12,HTTP Request 5 Small,200,OK,Thread Group 1-2,text,true,,256313,126,30,30,http://192.168.56.104/250KB.txt,1,0,0
1680789763410,11,HTTP Request 2 Small,200,OK,Thread Group 1-23,text,true,,102713,126,30,30,http://192.168.56.104/100KB.txt,1,0,0
1680789763609,22,HTTP Request 5 Small,200,OK,Thread Group 1-20,text,true,,256313,126,30,30,http://192.168.56.104/250KB.txt,2,0,0
1680789763891,15,HTTP Request 1 Small,200,OK,Thread Group 1-27,text,true,,51511,125,30,30,http://192.168.56.104/50KB.txt,1,0,0
1680789763889,35,HTTP Request 5 Small,200,OK,Thread Group 1-15,text,true,,256313,126,30,30,http://192.168.56.104/250KB.txt,1,0,0
1680789763969,58,HTTP Request 3 Small,200,OK,Thread Group 1-13,text,true,,153913,126,30,30,http://192.168.56.104/150KB.txt,2,0,0
1680789764126,22,HTTP Request 3 Small,200,OK,Thread Group 1-5,text,true,,153913,126,30,30,http://192.168.56.104/150KB.txt,3,0,0
1680789764330,25,HTTP Request 2 Small,200,OK,Thread Group 1-10,text,true,,102713,126,30,30,http://192.168.56.104/100KB.txt,4,0,0
1680789764365,17,HTTP Request 3 Small,200,OK,Thread Group 1-3,text,true,,153913,126,30,30,http://192.168.56.104/150KB.txt,2,0,0
1680789764731,7,HTTP Request 1 Small,200,OK,Thread Group 1-24,text,true,,51511,125,30,30,http://192.168.56.104/50KB.txt,2,0,0
1680789764808,19,HTTP Request 2 Small,200,OK,Thread Group 1-18,text,true,,102713,126,30,30,http://192.168.56.104/100KB.txt,2,0,0
1680789765051,14,HTTP Request 4 Small,200,OK,Thread Group 1-28,text,true,,205113,126,30,30,http://192.168.56.104/200KB.txt,2,0,0
1680789765250,5,HTTP Request 1 Small,200,OK,Thread Group 1-21,text,true,,51511,125,30,30,http://192.168.56.104/50KB.txt,2,0,0
1680789765689,39,HTTP Request 2 Small,200,OK,Thread Group 1-12,text,true,,102713,126,30,30,http://192.168.56.104/100KB.txt,3,0,0
1680789765689,80,HTTP Request 4 Small,200,OK,Thread Group 1-16,text,true,,205113,126,30,30,http://192.168.56.104/200KB.txt,1,0,0
1680789765728,57,HTTP Request 4 Small,200,OK,Thread Group 1-9,text,true,,205113,126,30,30,http://192.168.56.104/200KB.txt,1,0,0
1680789766209,37,HTTP Request 4 Small,200,OK,Thread Group 1-25,text,true,,205113,126,30,30,http://192.168.56.104/200KB.txt,17,0,0
1680789766210,36,HTTP Request 1 Small,200,OK,Thread Group 1-29,text,true,,51511,125,30,30,http://192.168.56.104/50KB.txt,4,0,0
1680789766246,8,HTTP Request 2 Small,200,OK,Thread Group 1-6,text,true,,102713,126,30,30,http://192.168.56.104/100KB.txt,1,0,0
1680789766248,11,HTTP Request 4 Small,200,OK,Thread Group 1-14,text,true,,205113,126,30,30,http://192.168.56.104/200KB.txt,2,0,0
1680789766730,13,HTTP Request 4 Small,200,OK,Thread Group 1-22,text,true,,205113,126,30,30,http://192.168.56.104/200KB.txt,2,0,0
1680789766768,15,HTTP Request 2 Small,200,OK,Thread Group 1-19,text,true,,102713,126,30,30,http://192.168.56.104/100KB.txt,1,0,0
1680789766807,4,HTTP Request 1 Small,200,OK,Thread Group 1-8,text,true,,51511,125,30,30,http://192.168.56.104/50KB.txt,2,0,0
1680789766926,27,HTTP Request 5 Small,200,OK,Thread Group 1-7,text,true,,256313,126,30,30,http://192.168.56.104/250KB.txt,1,0,0
1680789766966,22,HTTP Request 4 Small,200,OK,Thread Group 1-4,text,true,,205113,126,30,30,http://192.168.56.104/200KB.txt,1,0,0
1680789766989,17,HTTP Request 4 Small,200,OK,Thread Group 1-1,text,true,,205113,126,30,30,http://192.168.56.104/200KB.txt,2,0,0
1680789767370,12,HTTP Request 3 Small,200,OK,Thread Group 1-30,text,true,,153913,126,30,30,http://192.168.56.104/150KB.txt,1,0,0
1680789767531,13,HTTP Request 2 Small,200,OK,Thread Group 1-26,text,true,,102713,126,30,30,http://192.168.56.104/100KB.txt,1,0,0
1680789767567,26,HTTP Request 4 Small,200,OK,Thread Group 1-11,text,true,,205113,126,30,30,http://192.168.56.104/200KB.txt,2,0,0
1680789767806,10,HTTP Request 1 Small,200,OK,Thread Group 1-17,text,true,,51511,125,30,30,http://192.168.56.104/50KB.txt,1,0,0
1680789767842,11,HTTP Request 5 Small,200,OK,Thread Group 1-2,text,true,,256313,126,30,30,http://192.168.56.104/250KB.txt,2,0,0
1680789768209,12,HTTP Request 3 Small,200,OK,Thread Group 1-23,text,true,,153913,126,30,30,http://192.168.56.104/150KB.txt,1,0,0
1680789768409,11,HTTP Request 1 Small,200,OK,Thread Group 1-20,text,true,,51511,125,30,30,http://192.168.56.104/50KB.txt,3,0,0
1680789768689,11,HTTP Request 1 Small,200,OK,Thread Group 1-15,text,true,,51511,125,30,30,http://192.168.56.104/50KB.txt,2,0,0
1680789768691,29,HTTP Request 5 Small,200,OK,Thread Group 1-27,text,true,,256313,126,30,30,http://192.168.56.104/250KB.txt,4,0,0
1680789768768,26,HTTP Request 5 Small,200,OK,Thread Group 1-13,text,true,,256313,126,30,30,http://192.168.56.104/250KB.txt,2,0,0
1680789768925,15,HTTP Request 5 Small,200,OK,Thread Group 1-5,text,true,,256313,126,30,30,http://192.168.56.104/250KB.txt,2,0,0
1680789769130,17,HTTP Request 5 Small,200,OK,Thread Group 1-10,text,true,,256313,126,30,30,http://192.168.56.104/250KB.txt,1,0,0
1680789769164,15,HTTP Request 5 Small,200,OK,Thread Group 1-3,text,true,,256313,126,30,30,http://192.168.56.104/250KB.txt,1,0,0
1680789769531,18,HTTP Request 5 Small,200,OK,Thread Group 1-24,text,true,,256313,126,30,30,http://192.168.56.104/250KB.txt,2,0,0
1680789769608,66,HTTP Request 4 Small,200,OK,Thread Group 1-18,text,true,,205113,126,30,30,http://192.168.56.104/200KB.txt,3,0,0
1680789769851,13,HTTP Request 3 Small,200,OK,Thread Group 1-28,text,true,,153913,126,29,29,http://192.168.56.104/150KB.txt,2,0,0
1680789770051,10,HTTP Request 3 Small,200,OK,Thread Group 1-21,text,true,,153913,126,28,28,http://192.168.56.104/150KB.txt,1,0,0
1680789770527,33,HTTP Request 1 Small,200,OK,Thread Group 1-9,text,true,,51511,125,27,27,http://192.168.56.104/50KB.txt,2,0,0
1680789770489,92,HTTP Request 4 Small,200,OK,Thread Group 1-12,text,true,,205113,126,26,26,http://192.168.56.104/200KB.txt,3,0,0
1680789770489,111,HTTP Request 5 Small,200,OK,Thread Group 1-16,text,true,,256313,126,25,25,http://192.168.56.104/250KB.txt,1,0,0
1680789771010,34,HTTP Request 1 Small,200,OK,Thread Group 1-25,text,true,,51511,125,24,24,http://192.168.56.104/50KB.txt,15,0,0
1680789771010,37,HTTP Request 5 Small,200,OK,Thread Group 1-29,text,true,,256313,126,23,23,http://192.168.56.104/250KB.txt,3,0,0
1680789771048,13,HTTP Request 3 Small,200,OK,Thread Group 1-14,text,true,,153913,126,22,22,http://192.168.56.104/150KB.txt,4,0,0
1680789771046,20,HTTP Request 4 Small,200,OK,Thread Group 1-6,text,true,,205113,126,21,21,http://192.168.56.104/200KB.txt,5,0,0
1680789771530,27,HTTP Request 4 Small,200,OK,Thread Group 1-22,text,true,,205113,126,20,20,http://192.168.56.104/200KB.txt,4,0,0
1680789771567,11,HTTP Request 2 Small,200,OK,Thread Group 1-19,text,true,,102713,126,19,19,http://192.168.56.104/100KB.txt,1,0,0
1680789771606,10,HTTP Request 3 Small,200,OK,Thread Group 1-8,text,true,,153913,126,18,18,http://192.168.56.104/150KB.txt,3,0,0
1680789771726,20,HTTP Request 4 Small,200,OK,Thread Group 1-7,text,true,,205113,126,17,17,http://192.168.56.104/200KB.txt,1,0,0
1680789771766,15,HTTP Request 2 Small,200,OK,Thread Group 1-4,text,true,,102713,126,16,16,http://192.168.56.104/100KB.txt,1,0,0
1680789771790,22,HTTP Request 3 Small,200,OK,Thread Group 1-1,text,true,,153913,126,16,16,http://192.168.56.104/150KB.txt,2,0,0
1680789772170,12,HTTP Request 4 Small,200,OK,Thread Group 1-30,text,true,,205113,126,15,15,http://192.168.56.104/200KB.txt,1,0,0
1680789772331,32,HTTP Request 4 Small,200,OK,Thread Group 1-26,text,true,,205113,126,14,14,http://192.168.56.104/200KB.txt,1,0,0
1680789772367,39,HTTP Request 5 Small,200,OK,Thread Group 1-11,text,true,,256313,126,13,13,http://192.168.56.104/250KB.txt,2,0,0
1680789772606,23,HTTP Request 3 Small,200,OK,Thread Group 1-17,text,true,,153913,126,12,12,http://192.168.56.104/150KB.txt,3,0,0
1680789772643,10,HTTP Request 5 Small,200,OK,Thread Group 1-2,text,true,,256313,126,11,11,http://192.168.56.104/250KB.txt,1,0,0
1680789773010,23,HTTP Request 5 Small,200,OK,Thread Group 1-23,text,true,,256313,126,10,10,http://192.168.56.104/250KB.txt,3,0,0
1680789773209,22,HTTP Request 5 Small,200,OK,Thread Group 1-20,text,true,,256313,126,9,9,http://192.168.56.104/250KB.txt,2,0,0
1680789773489,21,HTTP Request 3 Small,200,OK,Thread Group 1-15,text,true,,153913,126,8,8,http://192.168.56.104/150KB.txt,1,0,0
1680789773491,25,HTTP Request 4 Small,200,OK,Thread Group 1-27,text,true,,205113,126,7,7,http://192.168.56.104/200KB.txt,1,0,0
1680789773568,11,HTTP Request 3 Small,200,OK,Thread Group 1-13,text,true,,153913,126,6,6,http://192.168.56.104/150KB.txt,2,0,0
1680789773725,11,HTTP Request 3 Small,200,OK,Thread Group 1-5,text,true,,153913,126,5,5,http://192.168.56.104/150KB.txt,1,0,0
1680789773930,5,HTTP Request 1 Small,200,OK,Thread Group 1-10,text,true,,51511,125,4,4,http://192.168.56.104/50KB.txt,1,0,0
1680789773964,15,HTTP Request 5 Small,200,OK,Thread Group 1-3,text,true,,256313,126,3,3,http://192.168.56.104/250KB.txt,1,0,0
1680789774330,17,HTTP Request 3 Small,200,OK,Thread Group 1-24,text,true,,153913,126,2,2,http://192.168.56.104/150KB.txt,2,0,0
1680789774326,47,HTTP Request 5 Small,200,OK,Thread Group 1-4,text,true,,256313,126,1,1,http://192.168.56.104/250KB.txt,1,0,0
